{"app":["/app-5ccc04931647495f036d.js"],"component---src-pages-404-js":["/component---src-pages-404-js-415a66ea25a163d5c880.js"],"component---src-pages-index-js":["/component---src-pages-index-js-5b02cd6f680bb4006cfb.js"],"component---src-pages-page-2-js":["/component---src-pages-page-2-js-dba7681fb6082a638fa3.js"],"component---src-pages-using-typescript-tsx":["/component---src-pages-using-typescript-tsx-8a137d8c02a3cb716a71.js"],"component---src-templates-all-tags-index-js":["/component---src-templates-all-tags-index-js-7704802f6b5d671e2ad8.js"],"component---src-templates-blog-post-js":["/component---src-templates-blog-post-js-fb3200611ee33c5e95f6.js"],"component---src-templates-single-tag-index-js":["/component---src-templates-single-tag-index-js-a53072faa3359c23ad3a.js"]}