{"errors":[],"warnings":["./src/components/Header.js\nThere are multiple modules with names that only differ in casing.\nThis can lead to unexpected behavior when compiling on a filesystem with other case-semantic.\nUse equal casing. Compare these module identifiers:\n* C:\\Users\\micha\\projects\\eightyone\\EightyOne-Site\\node_modules\\gatsby\\dist\\utils\\babel-loader.js??ref--4-0!C:\\Users\\micha\\projects\\eightyone\\EightyOne-Site\\src\\components\\Header.js\n    Used by 2 module(s), i. e.\n    C:\\Users\\micha\\projects\\eightyone\\EightyOne-Site\\node_modules\\gatsby\\dist\\utils\\babel-loader.js??ref--4-0!C:\\Users\\micha\\projects\\eightyone\\EightyOne-Site\\src\\templates\\allTagsIndex.js\n* C:\\Users\\micha\\projects\\eightyone\\EightyOne-Site\\node_modules\\gatsby\\dist\\utils\\babel-loader.js??ref--4-0!C:\\Users\\micha\\projects\\eightyone\\EightyOne-Site\\src\\components\\header.js\n    Used by 2 module(s), i. e.\n    C:\\Users\\micha\\projects\\eightyone\\EightyOne-Site\\node_modules\\gatsby\\dist\\utils\\babel-loader.js??ref--4-0!C:\\Users\\micha\\projects\\eightyone\\EightyOne-Site\\src\\components\\layout.js"],"namedChunkGroups":{"app":{"chunks":[12,11,3],"assets":["webpack-runtime-29dea587aabe7d74d662.js","webpack-runtime-29dea587aabe7d74d662.js.map","framework-59a9ef51c55d9b62f7de.js","framework-59a9ef51c55d9b62f7de.js.map","app-5ccc04931647495f036d.js","app-5ccc04931647495f036d.js.map"],"children":{},"childAssets":{}},"component---src-pages-404-js":{"chunks":[0,1,4],"assets":["styles.7b14736ca20c8d31b626.css","styles-9b6f388623a2ec93d35f.js","styles-9b6f388623a2ec93d35f.js.map","eef2097318ad822848ea3a2a5a0c54b0be5cd1f7-c5674a9d4fb82844e286.js","eef2097318ad822848ea3a2a5a0c54b0be5cd1f7-c5674a9d4fb82844e286.js.map","component---src-pages-404-js-415a66ea25a163d5c880.js","component---src-pages-404-js-415a66ea25a163d5c880.js.map"],"children":{},"childAssets":{}},"component---src-pages-index-js":{"chunks":[0,1,2,5],"assets":["styles.7b14736ca20c8d31b626.css","styles-9b6f388623a2ec93d35f.js","styles-9b6f388623a2ec93d35f.js.map","eef2097318ad822848ea3a2a5a0c54b0be5cd1f7-c5674a9d4fb82844e286.js","eef2097318ad822848ea3a2a5a0c54b0be5cd1f7-c5674a9d4fb82844e286.js.map","cd7d5f864fc9e15ed8adef086269b0aeff617554-646cb9e0cca47701bf08.js","cd7d5f864fc9e15ed8adef086269b0aeff617554-646cb9e0cca47701bf08.js.map","component---src-pages-index-js-5b02cd6f680bb4006cfb.js","component---src-pages-index-js-5b02cd6f680bb4006cfb.js.map"],"children":{},"childAssets":{}},"component---src-pages-page-2-js":{"chunks":[0,1,6],"assets":["styles.7b14736ca20c8d31b626.css","styles-9b6f388623a2ec93d35f.js","styles-9b6f388623a2ec93d35f.js.map","eef2097318ad822848ea3a2a5a0c54b0be5cd1f7-c5674a9d4fb82844e286.js","eef2097318ad822848ea3a2a5a0c54b0be5cd1f7-c5674a9d4fb82844e286.js.map","component---src-pages-page-2-js-dba7681fb6082a638fa3.js","component---src-pages-page-2-js-dba7681fb6082a638fa3.js.map"],"children":{},"childAssets":{}},"component---src-pages-using-typescript-tsx":{"chunks":[0,1,7],"assets":["styles.7b14736ca20c8d31b626.css","styles-9b6f388623a2ec93d35f.js","styles-9b6f388623a2ec93d35f.js.map","eef2097318ad822848ea3a2a5a0c54b0be5cd1f7-c5674a9d4fb82844e286.js","eef2097318ad822848ea3a2a5a0c54b0be5cd1f7-c5674a9d4fb82844e286.js.map","component---src-pages-using-typescript-tsx-8a137d8c02a3cb716a71.js","component---src-pages-using-typescript-tsx-8a137d8c02a3cb716a71.js.map"],"children":{},"childAssets":{}},"component---src-templates-all-tags-index-js":{"chunks":[0,8],"assets":["styles.7b14736ca20c8d31b626.css","styles-9b6f388623a2ec93d35f.js","styles-9b6f388623a2ec93d35f.js.map","component---src-templates-all-tags-index-js-7704802f6b5d671e2ad8.js","component---src-templates-all-tags-index-js-7704802f6b5d671e2ad8.js.map"],"children":{},"childAssets":{}},"component---src-templates-blog-post-js":{"chunks":[0,1,2,9],"assets":["styles.7b14736ca20c8d31b626.css","styles-9b6f388623a2ec93d35f.js","styles-9b6f388623a2ec93d35f.js.map","eef2097318ad822848ea3a2a5a0c54b0be5cd1f7-c5674a9d4fb82844e286.js","eef2097318ad822848ea3a2a5a0c54b0be5cd1f7-c5674a9d4fb82844e286.js.map","cd7d5f864fc9e15ed8adef086269b0aeff617554-646cb9e0cca47701bf08.js","cd7d5f864fc9e15ed8adef086269b0aeff617554-646cb9e0cca47701bf08.js.map","component---src-templates-blog-post-js-fb3200611ee33c5e95f6.js","component---src-templates-blog-post-js-fb3200611ee33c5e95f6.js.map"],"children":{},"childAssets":{}},"component---src-templates-single-tag-index-js":{"chunks":[0,10],"assets":["styles.7b14736ca20c8d31b626.css","styles-9b6f388623a2ec93d35f.js","styles-9b6f388623a2ec93d35f.js.map","component---src-templates-single-tag-index-js-a53072faa3359c23ad3a.js","component---src-templates-single-tag-index-js-a53072faa3359c23ad3a.js.map"],"children":{},"childAssets":{}}},"assetsByChunkName":{"app":["webpack-runtime-29dea587aabe7d74d662.js","framework-59a9ef51c55d9b62f7de.js","app-5ccc04931647495f036d.js"],"component---src-pages-404-js":["styles.7b14736ca20c8d31b626.css","styles-9b6f388623a2ec93d35f.js","eef2097318ad822848ea3a2a5a0c54b0be5cd1f7-c5674a9d4fb82844e286.js","component---src-pages-404-js-415a66ea25a163d5c880.js"],"component---src-pages-index-js":["styles.7b14736ca20c8d31b626.css","styles-9b6f388623a2ec93d35f.js","eef2097318ad822848ea3a2a5a0c54b0be5cd1f7-c5674a9d4fb82844e286.js","cd7d5f864fc9e15ed8adef086269b0aeff617554-646cb9e0cca47701bf08.js","component---src-pages-index-js-5b02cd6f680bb4006cfb.js"],"component---src-pages-page-2-js":["styles.7b14736ca20c8d31b626.css","styles-9b6f388623a2ec93d35f.js","eef2097318ad822848ea3a2a5a0c54b0be5cd1f7-c5674a9d4fb82844e286.js","component---src-pages-page-2-js-dba7681fb6082a638fa3.js"],"component---src-pages-using-typescript-tsx":["styles.7b14736ca20c8d31b626.css","styles-9b6f388623a2ec93d35f.js","eef2097318ad822848ea3a2a5a0c54b0be5cd1f7-c5674a9d4fb82844e286.js","component---src-pages-using-typescript-tsx-8a137d8c02a3cb716a71.js"],"component---src-templates-all-tags-index-js":["styles.7b14736ca20c8d31b626.css","styles-9b6f388623a2ec93d35f.js","component---src-templates-all-tags-index-js-7704802f6b5d671e2ad8.js"],"component---src-templates-blog-post-js":["styles.7b14736ca20c8d31b626.css","styles-9b6f388623a2ec93d35f.js","eef2097318ad822848ea3a2a5a0c54b0be5cd1f7-c5674a9d4fb82844e286.js","cd7d5f864fc9e15ed8adef086269b0aeff617554-646cb9e0cca47701bf08.js","component---src-templates-blog-post-js-fb3200611ee33c5e95f6.js"],"component---src-templates-single-tag-index-js":["styles.7b14736ca20c8d31b626.css","styles-9b6f388623a2ec93d35f.js","component---src-templates-single-tag-index-js-a53072faa3359c23ad3a.js"]}}